source,target
郭台銘,總統
郭台銘,鴻海
郭台銘,台灣
郭台銘,國民黨
郭台銘,韓國瑜
郭台銘,初選
郭台銘,中國
郭台銘,經濟
郭台銘,參選
郭台銘,2019
郭台銘,民調
郭台銘,董事長
郭台銘,支持
郭台銘,美國
郭台銘,蔡英文
郭台銘,市長
郭台銘,未來
郭台銘,報導
郭台銘,蘋果
郭台銘,川普
郭台銘,集團
郭台銘,民進黨
郭台銘,政治
郭台銘,高雄
郭台銘,民主
郭台銘,台北
郭台銘,宣布
郭台銘,公司
郭台銘,投資
郭台銘,黨內
郭台銘,企業
郭台銘,2020
郭台銘,媒體
郭台銘,徵召
郭台銘,政府
郭台銘,國家
郭台銘,參加
郭台銘,賴清德
郭台銘,選舉
郭台銘,當選
郭台銘,臉書
郭台銘,年輕人
郭台銘,中華民國
郭台銘,發展
郭台銘,朱立倫
郭台銘,國際
郭台銘,提名
郭台銘,王金平
郭台銘,和平
郭台銘,科技
郭台銘,投入
郭台銘,百分點
郭台銘,分析
郭台銘,表態
郭台銘,參選人
郭台銘,主席
郭台銘,柯文哲
郭台銘,外界
郭台銘,社會
郭台銘,代表
郭台銘,吳敦義
郭台銘,韓粉
郭台銘,指出
郭台銘,候選人
郭台銘,媽祖
郭台銘,回應
郭台銘,股票
郭台銘,院長
郭台銘,機會
郭台銘,選民
郭台銘,員工
郭台銘,記者
郭台銘,影響
郭台銘,手機
郭台銘,支持度
郭台銘,透露
郭台銘,雲林
郭台銘,議題
郭台銘,大學
郭台銘,台幣
郭台銘,政策
郭台銘,富士康
郭台銘,兩岸
郭台銘,經營
郭台銘,會面
郭台銘,黨員
郭台銘,人選
郭台銘,白宮
郭台銘,採訪
郭台銘,人民
郭台銘,產業
郭台銘,藍營
郭台銘,針對
郭台銘,媽媽
郭台銘,網友
郭台銘,黨
郭台銘,出席
郭台銘,民眾
郭台銘,成功
郭台銘,透過
郭台銘,總統大選
郭台銘,工作
郭台銘,地方
郭台銘,制度
郭台銘,國防
郭台銘,競選
郭台銘,權力
郭台銘,參與
郭台銘,領先
郭台銘,黨中央
郭台銘,去年
郭台銘,立委
郭台銘,股東
郭台銘,挺
郭台銘,網路
郭台銘,說法
郭台銘,質疑
郭台銘,大陸
郭台銘,市場
郭台銘,財產
郭台銘,薪資
郭台銘,引發
郭台銘,全球
郭台銘,共識
郭台銘,利益
郭台銘,投票
郭台銘,計劃
郭台銘,日本
郭台銘,生產
郭台銘,印度
郭台銘,合作
郭台銘,批評
郭台銘,威州
郭台銘,納入
郭台銘,大選
郭台銘,北京
郭台銘,全民
郭台銘,財經
郭台銘,立法院
郭台銘,面對
郭台銘,總裁
郭台銘,中共
郭台銘,改變
郭台銘,創業
郭台銘,九二
郭台銘,支持者
郭台銘,安排
郭台銘,行政院
郭台銘,協調
郭台銘,挑戰
郭台銘,尊重
郭台銘,意願
郭台銘,團隊
郭台銘,翻轉
郭台銘,藍綠
郭台銘,股價
郭台銘,討論
郭台銘,麥
郭台銘,發表
郭台銘,製造
郭台銘,工廠
郭台銘,中常會
郭台銘,技術
郭台銘,事業
郭台銘,近期
郭台銘,青年
郭台銘,推動
郭台銘,教育
郭台銘,辯論
郭台銘,2016
郭台銘,世界
郭台銘,企業家
郭台銘,首富
郭台銘,高雄市
郭台銘,國旗
郭台銘,教授
郭台銘,曾馨瑩
郭台銘,策略
郭台銘,經驗
郭台銘,適合
郭台銘,戰略
郭台銘,環保
郭台銘,競爭
郭台銘,形象
郭台銘,決策
郭台銘,服務
郭台銘,政黨
郭台銘,座談
郭台銘,訪問
郭台銘,創造
郭台銘,霸氣
郭台銘,正式
郭台銘,馬英九
郭台銘,商港
郭台銘,最新
郭台銘,價值
郭台銘,數據
郭台銘,選戰
郭台銘,聲明
郭台銘,議員
郭台銘,上市
郭台銘,公布
郭台銘,加薪
郭台銘,考量
郭台銘,角逐
郭台銘,承諾
郭台銘,治理
郭台銘,發現
郭台銘,態度
郭台銘,關注
郭台銘,工業
郭台銘,內部
郭台銘,內閣制
郭台銘,比率
郭台銘,主動
郭台銘,半導體
郭台銘,台商
郭台銘,先前
郭台銘,年輕
郭台銘,行政院長
郭台銘,接班
郭台銘,習近平
郭台銘,提案
郭台銘,提問
郭台銘,貿易戰
郭台銘,蔡正元
郭台銘,整合
郭台銘,加碼
郭台銘,攻擊
郭台銘,角色
郭台銘,建議
郭台銘,研發
郭台銘,託夢
郭台銘,基層
郭台銘,接地氣
郭台銘,期待
郭台銘,意見
郭台銘,新聞
郭台銘,當飯吃
郭台銘,管理
郭台銘,模式
郭台銘,澄清
郭台銘,關鍵
郭台銘,AI
郭台銘,口號
郭台銘,目標
郭台銘,身家
郭台銘,呼籲
郭台銘,思考
郭台銘,能力
郭台銘,財富
郭台銘,專訪
郭台銘,產品
郭台銘,發大財
郭台銘,超過
郭台銘,解決
郭台銘,辦公室
郭台銘,優勢
郭台銘,癌症
郭台銘,總經理
郭台銘,舉辦
郭台銘,轉型
郭台銘,雞排
郭台銘,舔盤子
總統,鴻海
總統,台灣
總統,國民黨
總統,韓國瑜
總統,初選
總統,中國
總統,經濟
總統,參選
總統,民調
總統,董事長
總統,支持
總統,美國
總統,蔡英文
總統,市長
總統,未來
總統,報導
總統,蘋果
總統,川普
總統,集團
總統,民進黨
總統,政治
總統,高雄
總統,民主
總統,台北
總統,宣布
總統,公司
總統,投資
總統,黨內
總統,企業
總統,2020
總統,媒體
總統,徵召
總統,政府
總統,國家
總統,參加
總統,賴清德
總統,選舉
總統,當選
總統,臉書
總統,年輕人
總統,中華民國
總統,發展
總統,朱立倫
總統,國際
總統,提名
總統,王金平
總統,和平
總統,科技
總統,投入
總統,百分點
總統,分析
總統,表態
總統,參選人
總統,主席
總統,柯文哲
總統,外界
總統,社會
總統,代表
總統,吳敦義
總統,韓粉
總統,指出
總統,候選人
總統,媽祖
總統,回應
總統,股票
總統,院長
總統,機會
總統,選民
總統,員工
總統,記者
總統,影響
總統,手機
總統,支持度
總統,透露
總統,雲林
總統,議題
總統,大學
總統,台幣
總統,政策
總統,富士康
總統,兩岸
總統,經營
總統,會面
總統,黨員
總統,人選
總統,白宮
總統,採訪
總統,人民
總統,產業
總統,藍營
總統,針對
總統,媽媽
總統,網友
總統,黨
總統,出席
總統,民眾
總統,成功
總統,透過
總統,總統大選
總統,工作
總統,地方
總統,制度
總統,國防
總統,競選
總統,權力
總統,參與
總統,領先
總統,黨中央
總統,去年
總統,立委
總統,股東
總統,挺
總統,網路
總統,說法
總統,質疑
總統,大陸
總統,市場
總統,財產
總統,薪資
總統,引發
總統,全球
總統,共識
總統,利益
總統,投票
總統,計劃
總統,日本
總統,合作
總統,批評
總統,威州
總統,納入
總統,大選
總統,北京
總統,全民
總統,財經
總統,立法院
總統,面對
總統,總裁
總統,中共
總統,創業
總統,九二
總統,支持者
總統,安排
總統,行政院
總統,協調
總統,挑戰
總統,尊重
總統,意願
總統,團隊
總統,翻轉
總統,藍綠
總統,股價
總統,討論
總統,麥
總統,發表
總統,製造
總統,中常會
總統,事業
總統,近期
總統,青年
總統,推動
總統,教育
總統,辯論
總統,2016
總統,世界
總統,企業家
總統,首富
總統,高雄市
總統,國旗
總統,教授
總統,曾馨瑩
總統,策略
總統,經驗
總統,適合
總統,競爭
總統,決策
總統,政黨
總統,座談
總統,訪問
總統,創造
總統,霸氣
總統,正式
總統,馬英九
總統,商港
總統,最新
總統,價值
總統,選戰
總統,聲明
總統,議員
總統,上市
總統,公布
總統,考量
總統,角逐
總統,承諾
總統,治理
總統,態度
總統,關注
總統,工業
總統,內部
總統,內閣制
總統,主動
總統,半導體
總統,台商
總統,先前
總統,年輕
總統,行政院長
總統,接班
總統,習近平
總統,提案
總統,貿易戰
總統,整合
總統,加碼
總統,攻擊
總統,角色
總統,建議
總統,託夢
總統,接地氣
總統,期待
總統,意見
總統,新聞
總統,當飯吃
總統,模式
總統,澄清
總統,關鍵
總統,口號
總統,目標
總統,身家
總統,呼籲
總統,思考
總統,能力
總統,財富
總統,專訪
總統,產品
總統,發大財
總統,解決
總統,辦公室
總統,優勢
總統,癌症
總統,舉辦
總統,轉型
鴻海,台灣
鴻海,國民黨
鴻海,韓國瑜
鴻海,初選
鴻海,中國
鴻海,經濟
鴻海,參選
鴻海,2019
鴻海,民調
鴻海,董事長
鴻海,支持
鴻海,美國
鴻海,蔡英文
鴻海,市長
鴻海,未來
鴻海,報導
鴻海,蘋果
鴻海,川普
鴻海,集團
鴻海,民進黨
鴻海,政治
鴻海,高雄
鴻海,民主
鴻海,台北
鴻海,宣布
鴻海,公司
鴻海,投資
鴻海,黨內
鴻海,企業
鴻海,2020
鴻海,媒體
鴻海,徵召
鴻海,政府
鴻海,國家
鴻海,參加
鴻海,賴清德
鴻海,選舉
鴻海,當選
鴻海,臉書
鴻海,年輕人
鴻海,中華民國
鴻海,發展
鴻海,朱立倫
鴻海,國際
鴻海,提名
鴻海,王金平
鴻海,和平
鴻海,科技
鴻海,投入
鴻海,分析
鴻海,表態
鴻海,參選人
鴻海,主席
鴻海,柯文哲
鴻海,外界
鴻海,社會
鴻海,代表
鴻海,吳敦義
鴻海,韓粉
鴻海,指出
鴻海,候選人
鴻海,媽祖
鴻海,回應
鴻海,股票
鴻海,院長
鴻海,機會
鴻海,選民
鴻海,員工
鴻海,記者
鴻海,影響
鴻海,手機
鴻海,支持度
鴻海,透露
鴻海,雲林
鴻海,議題
鴻海,大學
鴻海,台幣
鴻海,政策
鴻海,富士康
鴻海,兩岸
鴻海,經營
鴻海,會面
鴻海,黨員
鴻海,人選
鴻海,白宮
鴻海,採訪
鴻海,人民
鴻海,產業
鴻海,藍營
鴻海,針對
鴻海,網友
鴻海,黨
鴻海,出席
鴻海,民眾
鴻海,透過
鴻海,總統大選
鴻海,工作
鴻海,地方
鴻海,制度
鴻海,國防
鴻海,競選
鴻海,權力
鴻海,參與
鴻海,去年
鴻海,股東
鴻海,挺
鴻海,網路
鴻海,說法
鴻海,質疑
鴻海,大陸
鴻海,市場
鴻海,財產
鴻海,薪資
鴻海,引發
鴻海,全球
鴻海,共識
鴻海,利益
鴻海,投票
鴻海,計劃
鴻海,日本
鴻海,生產
鴻海,印度
鴻海,合作
鴻海,批評
鴻海,威州
鴻海,納入
鴻海,大選
鴻海,北京
鴻海,全民
鴻海,財經
鴻海,立法院
鴻海,面對
鴻海,總裁
鴻海,改變
鴻海,創業
鴻海,安排
鴻海,行政院
鴻海,挑戰
鴻海,意願
鴻海,團隊
鴻海,股價
鴻海,討論
鴻海,麥
鴻海,發表
鴻海,製造
鴻海,工廠
鴻海,技術
鴻海,事業
鴻海,近期
鴻海,青年
鴻海,推動
鴻海,教育
鴻海,辯論
鴻海,世界
鴻海,企業家
鴻海,首富
鴻海,高雄市
鴻海,國旗
鴻海,教授
鴻海,曾馨瑩
鴻海,策略
鴻海,戰略
鴻海,競爭
鴻海,決策
鴻海,服務
鴻海,座談
鴻海,訪問
鴻海,創造
鴻海,霸氣
鴻海,正式
鴻海,商港
鴻海,最新
鴻海,價值
鴻海,數據
鴻海,選戰
鴻海,聲明
鴻海,上市
鴻海,公布
鴻海,加薪
鴻海,角逐
鴻海,承諾
鴻海,治理
鴻海,格力電器
鴻海,關注
鴻海,工業
鴻海,內部
鴻海,半導體
鴻海,先前
鴻海,年輕
鴻海,接班
鴻海,習近平
鴻海,提問
鴻海,貿易戰
鴻海,整合
鴻海,加碼
鴻海,角色
鴻海,建議
鴻海,託夢
鴻海,新聞
鴻海,當飯吃
鴻海,管理
鴻海,模式
鴻海,澄清
鴻海,AI
鴻海,口號
鴻海,目標
鴻海,身家
鴻海,思考
鴻海,財富
鴻海,專訪
鴻海,產品
鴻海,總經理
鴻海,轉型
台灣,國民黨
台灣,韓國瑜
台灣,初選
台灣,中國
台灣,經濟
台灣,參選
台灣,民調
台灣,董事長
台灣,支持
台灣,美國
台灣,蔡英文
台灣,市長
台灣,未來
台灣,報導
台灣,蘋果
台灣,川普
台灣,集團
台灣,民進黨
台灣,政治
台灣,高雄
台灣,民主
台灣,台北
台灣,宣布
台灣,公司
台灣,投資
台灣,黨內
台灣,企業
台灣,2020
台灣,媒體
台灣,徵召
台灣,政府
台灣,國家
台灣,參加
台灣,賴清德
台灣,選舉
台灣,當選
台灣,臉書
台灣,年輕人
台灣,中華民國
台灣,發展
台灣,朱立倫
台灣,國際
台灣,提名
台灣,和平
台灣,科技
台灣,投入
台灣,分析
台灣,表態
台灣,參選人
台灣,主席
台灣,柯文哲
台灣,外界
台灣,社會
台灣,代表
台灣,韓粉
台灣,指出
台灣,候選人
台灣,媽祖
台灣,回應
台灣,股票
台灣,院長
台灣,機會
台灣,選民
台灣,員工
台灣,記者
台灣,影響
台灣,手機
台灣,透露
台灣,雲林
台灣,議題
台灣,大學
台灣,台幣
台灣,政策
台灣,富士康
台灣,兩岸
台灣,經營
台灣,會面
台灣,人選
台灣,白宮
台灣,採訪
台灣,人民
台灣,產業
台灣,藍營
台灣,媽媽
台灣,黨
台灣,出席
台灣,民眾
台灣,成功
台灣,透過
台灣,總統大選
台灣,工作
台灣,地方
台灣,制度
台灣,國防
台灣,競選
台灣,權力
台灣,參與
台灣,領先
台灣,去年
台灣,立委
台灣,網路
台灣,質疑
台灣,大陸
台灣,市場
台灣,財產
台灣,薪資
台灣,引發
台灣,全球
台灣,共識
台灣,利益
台灣,投票
台灣,計劃
台灣,日本
台灣,生產
台灣,合作
台灣,批評
台灣,大選
台灣,北京
台灣,全民
台灣,財經
台灣,立法院
台灣,面對
台灣,總裁
台灣,中共
台灣,改變
台灣,創業
台灣,九二
台灣,行政院
台灣,挑戰
台灣,意願
台灣,團隊
台灣,翻轉
台灣,藍綠
台灣,討論
台灣,製造
台灣,工廠
台灣,技術
台灣,事業
台灣,青年
台灣,推動
台灣,教育
台灣,辯論
台灣,世界
台灣,企業家
台灣,首富
台灣,高雄市
台灣,教授
台灣,策略
台灣,經驗
台灣,適合
台灣,戰略
台灣,競爭
台灣,服務
台灣,政黨
台灣,座談
台灣,創造
台灣,正式
台灣,馬英九
台灣,價值
台灣,數據
台灣,選戰
台灣,加薪
台灣,考量
台灣,承諾
台灣,態度
台灣,工業
台灣,內部
台灣,半導體
台灣,台商
台灣,年輕
台灣,習近平
台灣,提問
台灣,貿易戰
台灣,攻擊
台灣,角色
台灣,研發
台灣,託夢
台灣,接地氣
台灣,產業鏈
台灣,期待
台灣,新聞
台灣,當飯吃
台灣,關鍵
台灣,AI
台灣,口號
台灣,目標
台灣,身家
台灣,呼籲
台灣,思考
台灣,能力
台灣,專訪
台灣,產品
台灣,發大財
台灣,解決
台灣,舉辦
台灣,轉型
國民黨,韓國瑜
國民黨,初選
國民黨,中國
國民黨,經濟
國民黨,參選
國民黨,民調
國民黨,董事長
國民黨,支持
國民黨,美國
國民黨,蔡英文
國民黨,市長
國民黨,未來
國民黨,報導
國民黨,蘋果
國民黨,川普
國民黨,集團
國民黨,民進黨
國民黨,政治
國民黨,高雄
國民黨,民主
國民黨,台北
國民黨,宣布
國民黨,公司
國民黨,投資
國民黨,黨內
國民黨,企業
國民黨,2020
國民黨,媒體
國民黨,徵召
國民黨,政府
國民黨,國家
國民黨,參加
國民黨,賴清德
國民黨,選舉
國民黨,當選
國民黨,臉書
國民黨,年輕人
國民黨,中華民國
國民黨,發展
國民黨,朱立倫
國民黨,提名
國民黨,王金平
國民黨,科技
國民黨,投入
國民黨,百分點
國民黨,分析
國民黨,表態
國民黨,參選人
國民黨,主席
國民黨,柯文哲
國民黨,外界
國民黨,社會
國民黨,代表
國民黨,吳敦義
國民黨,韓粉
國民黨,指出
國民黨,候選人
國民黨,媽祖
國民黨,回應
國民黨,院長
國民黨,機會
國民黨,選民
國民黨,手機
國民黨,支持度
國民黨,透露
國民黨,雲林
國民黨,議題
國民黨,大學
國民黨,政策
國民黨,富士康
國民黨,兩岸
國民黨,會面
國民黨,黨員
國民黨,人選
國民黨,採訪
國民黨,人民
國民黨,藍營
國民黨,針對
國民黨,網友
國民黨,黨
國民黨,出席
國民黨,民眾
國民黨,成功
國民黨,透過
國民黨,總統大選
國民黨,地方
國民黨,制度
國民黨,競選
國民黨,參與
國民黨,領先
國民黨,黨中央
國民黨,去年
國民黨,立委
國民黨,挺
國民黨,說法
國民黨,質疑
國民黨,市場
國民黨,引發
國民黨,全球
國民黨,共識
國民黨,投票
國民黨,批評
國民黨,納入
國民黨,大選
國民黨,北京
國民黨,全民
國民黨,財經
國民黨,立法院
國民黨,面對
國民黨,中共
國民黨,九二
國民黨,支持者
國民黨,安排
國民黨,行政院
國民黨,協調
國民黨,挑戰
國民黨,尊重
國民黨,意願
國民黨,團隊
國民黨,藍綠
國民黨,討論
國民黨,發表
國民黨,中常會
國民黨,事業
國民黨,教育
國民黨,辯論
國民黨,2016
國民黨,世界
國民黨,首富
國民黨,高雄市
國民黨,教授
國民黨,曾馨瑩
國民黨,策略
國民黨,競爭
國民黨,政黨
國民黨,霸氣
國民黨,正式
國民黨,馬英九
國民黨,最新
國民黨,價值
國民黨,選戰
國民黨,聲明
國民黨,議員
國民黨,考量
國民黨,角逐
國民黨,態度
國民黨,關注
國民黨,內部
國民黨,主動
國民黨,先前
國民黨,年輕
國民黨,行政院長
國民黨,提案
國民黨,蔡正元
國民黨,整合
國民黨,建議
國民黨,託夢
國民黨,基層
國民黨,接地氣
國民黨,期待
國民黨,意見
國民黨,新聞
國民黨,澄清
國民黨,口號
國民黨,身家
國民黨,呼籲
國民黨,專訪
國民黨,發大財
韓國瑜,初選
韓國瑜,中國
韓國瑜,經濟
韓國瑜,參選
韓國瑜,2019
韓國瑜,民調
韓國瑜,董事長
韓國瑜,支持
韓國瑜,美國
韓國瑜,蔡英文
韓國瑜,市長
韓國瑜,未來
韓國瑜,報導
韓國瑜,蘋果
韓國瑜,川普
韓國瑜,集團
韓國瑜,民進黨
韓國瑜,政治
韓國瑜,高雄
韓國瑜,民主
韓國瑜,台北
韓國瑜,宣布
韓國瑜,公司
韓國瑜,投資
韓國瑜,黨內
韓國瑜,企業
韓國瑜,2020
韓國瑜,媒體
韓國瑜,徵召
韓國瑜,政府
韓國瑜,國家
韓國瑜,參加
韓國瑜,賴清德
韓國瑜,選舉
韓國瑜,當選
韓國瑜,臉書
韓國瑜,發展
韓國瑜,朱立倫
韓國瑜,提名
韓國瑜,王金平
韓國瑜,和平
韓國瑜,科技
韓國瑜,投入
韓國瑜,百分點
韓國瑜,分析
韓國瑜,表態
韓國瑜,參選人
韓國瑜,主席
韓國瑜,柯文哲
韓國瑜,外界
韓國瑜,社會
韓國瑜,代表
韓國瑜,吳敦義
韓國瑜,韓粉
韓國瑜,指出
韓國瑜,候選人
韓國瑜,回應
韓國瑜,院長
韓國瑜,機會
韓國瑜,選民
韓國瑜,記者
韓國瑜,影響
韓國瑜,支持度
韓國瑜,透露
韓國瑜,雲林
韓國瑜,議題
韓國瑜,大學
韓國瑜,政策
韓國瑜,富士康
韓國瑜,兩岸
韓國瑜,會面
韓國瑜,人選
韓國瑜,採訪
韓國瑜,人民
韓國瑜,藍營
韓國瑜,針對
韓國瑜,網友
韓國瑜,黨
韓國瑜,出席
韓國瑜,民眾
韓國瑜,成功
韓國瑜,透過
韓國瑜,總統大選
韓國瑜,工作
韓國瑜,地方
韓國瑜,制度
韓國瑜,國防
韓國瑜,競選
韓國瑜,參與
韓國瑜,領先
韓國瑜,黨中央
韓國瑜,去年
韓國瑜,立委
韓國瑜,挺
韓國瑜,網路
韓國瑜,說法
韓國瑜,質疑
韓國瑜,大陸
韓國瑜,引發
韓國瑜,投票
韓國瑜,日本
韓國瑜,合作
韓國瑜,批評
韓國瑜,納入
韓國瑜,大選
韓國瑜,全民
韓國瑜,立法院
韓國瑜,支持者
韓國瑜,安排
韓國瑜,行政院
韓國瑜,協調
韓國瑜,尊重
韓國瑜,意願
韓國瑜,團隊
韓國瑜,翻轉
韓國瑜,藍綠
韓國瑜,討論
韓國瑜,發表
韓國瑜,中常會
韓國瑜,近期
韓國瑜,辯論
韓國瑜,高雄市
韓國瑜,教授
韓國瑜,策略
韓國瑜,競爭
韓國瑜,形象
韓國瑜,服務
韓國瑜,座談
韓國瑜,訪問
韓國瑜,正式
韓國瑜,馬英九
韓國瑜,最新
韓國瑜,價值
韓國瑜,選戰
韓國瑜,聲明
韓國瑜,議員
韓國瑜,角逐
韓國瑜,承諾
韓國瑜,關注
韓國瑜,內閣制
韓國瑜,主動
韓國瑜,先前
韓國瑜,行政院長
韓國瑜,提案
韓國瑜,蔡正元
韓國瑜,攻擊
韓國瑜,建議
韓國瑜,基層
韓國瑜,接地氣
韓國瑜,意見
韓國瑜,新聞
韓國瑜,當飯吃
韓國瑜,口號
韓國瑜,專訪
韓國瑜,產品
韓國瑜,發大財
韓國瑜,舉辦
初選,中國
初選,經濟
初選,參選
初選,民調
初選,董事長
初選,支持
初選,美國
初選,蔡英文
初選,市長
初選,未來
初選,報導
初選,蘋果
初選,川普
初選,集團
初選,民進黨
初選,政治
初選,高雄
初選,民主
初選,台北
初選,宣布
初選,公司
初選,投資
初選,黨內
初選,企業
初選,2020
初選,媒體
初選,徵召
初選,政府
初選,國家
初選,參加
初選,賴清德
初選,選舉
初選,臉書
初選,年輕人
初選,中華民國
初選,發展
初選,朱立倫
初選,提名
初選,王金平
初選,科技
初選,投入
初選,分析
初選,表態
初選,參選人
初選,主席
初選,柯文哲
初選,外界
初選,社會
初選,代表
初選,吳敦義
初選,韓粉
初選,指出
初選,候選人
初選,媽祖
初選,回應
初選,股票
初選,院長
初選,機會
初選,選民
初選,影響
初選,手機
初選,支持度
初選,透露
初選,雲林
初選,議題
初選,大學
初選,政策
初選,會面
初選,黨員
初選,人選
初選,採訪
初選,人民
初選,藍營
初選,針對
初選,網友
初選,黨
初選,民眾
初選,透過
初選,總統大選
初選,制度
初選,參與
初選,黨中央
初選,挺
初選,網路
初選,說法
初選,質疑
初選,引發
初選,全球
初選,共識
初選,投票
初選,納入
初選,大選
初選,全民
初選,財經
初選,立法院
初選,支持者
初選,安排
初選,協調
初選,尊重
初選,意願
初選,討論
初選,發表
初選,中常會
初選,事業
初選,教育
初選,辯論
初選,2016
初選,首富
初選,高雄市
初選,教授
初選,適合
初選,競爭
初選,政黨
初選,座談
初選,正式
初選,最新
初選,選戰
初選,聲明
初選,議員
初選,公布
初選,考量
初選,角逐
初選,主動
初選,年輕
初選,提案
初選,攻擊
初選,建議
初選,託夢
初選,接地氣
初選,意見
初選,新聞
初選,關鍵
初選,口號
初選,專訪
初選,舉辦
中國,經濟
中國,參選
中國,民調
中國,董事長
中國,支持
中國,美國
中國,蔡英文
中國,市長
中國,未來
中國,報導
中國,蘋果
中國,川普
中國,集團
中國,民進黨
中國,政治
中國,高雄
中國,民主
中國,台北
中國,宣布
中國,公司
中國,投資
中國,黨內
中國,企業
中國,2020
中國,媒體
中國,徵召
中國,政府
中國,國家
中國,參加
中國,賴清德
中國,選舉
中國,當選
中國,臉書
中國,年輕人
中國,中華民國
中國,發展
中國,國際
中國,提名
中國,和平
中國,科技
中國,投入
中國,分析
中國,主席
中國,外界
中國,社會
中國,代表
中國,指出
中國,候選人
中國,媽祖
中國,回應
中國,股票
中國,院長
中國,機會
中國,選民
中國,影響
中國,手機
中國,透露
中國,大學
中國,台幣
中國,政策
中國,富士康
中國,兩岸
中國,經營
中國,黨員
中國,人選
中國,採訪
中國,人民
中國,產業
中國,藍營
中國,針對
中國,黨
中國,出席
中國,成功
中國,透過
中國,工作
中國,地方
中國,國防
中國,去年
中國,網路
中國,說法
中國,質疑
中國,大陸
中國,市場
中國,財產
中國,引發
中國,全球
中國,共識
中國,利益
中國,投票
中國,日本
中國,生產
中國,印度
中國,合作
中國,批評
中國,北京
中國,財經
中國,總裁
中國,中共
中國,九二
中國,行政院
中國,挑戰
中國,翻轉
中國,發表
中國,製造
中國,工廠
中國,中常會
中國,技術
中國,事業
中國,青年
中國,教育
中國,2016
中國,世界
中國,企業家
中國,首富
中國,高雄市
中國,策略
中國,經驗
中國,戰略
中國,競爭
中國,決策
中國,價值
中國,選戰
中國,聲明
中國,上市
中國,考量
中國,格力電器
中國,態度
中國,工業
中國,半導體
中國,台商
中國,年輕
中國,習近平
中國,提問
中國,貿易戰
中國,攻擊
中國,當飯吃
中國,模式
中國,澄清
中國,呼籲
中國,能力
中國,產品
中國,當地
中國,總經理
中國,轉型
經濟,參選
經濟,民調
經濟,董事長
經濟,支持
經濟,美國
經濟,蔡英文
經濟,市長
經濟,未來
經濟,報導
經濟,蘋果
經濟,川普
經濟,集團
經濟,民進黨
經濟,政治
經濟,高雄
經濟,民主
經濟,台北
經濟,宣布
經濟,公司
經濟,投資
經濟,企業
經濟,2020
經濟,媒體
經濟,政府
經濟,國家
經濟,參加
經濟,賴清德
經濟,選舉
經濟,當選
經濟,臉書
經濟,年輕人
經濟,中華民國
經濟,發展
經濟,朱立倫
經濟,國際
經濟,王金平
經濟,和平
經濟,科技
經濟,分析
經濟,表態
經濟,參選人
經濟,柯文哲
經濟,外界
經濟,社會
經濟,代表
經濟,指出
經濟,回應
經濟,院長
經濟,機會
經濟,選民
經濟,員工
經濟,影響
經濟,雲林
經濟,議題
經濟,大學
經濟,政策
經濟,兩岸
經濟,經營
經濟,採訪
經濟,人民
經濟,產業
經濟,藍營
經濟,針對
經濟,網友
經濟,黨
經濟,民眾
經濟,成功
經濟,工作
經濟,地方
經濟,國防
經濟,參與
經濟,去年
經濟,網路
經濟,質疑
經濟,大陸
經濟,市場
經濟,全球
經濟,共識
經濟,利益
經濟,日本
經濟,生產
經濟,合作
經濟,批評
經濟,納入
經濟,北京
經濟,全民
經濟,立法院
經濟,總裁
經濟,中共
經濟,改變
經濟,九二
經濟,行政院
經濟,翻轉
經濟,藍綠
經濟,麥
經濟,製造
經濟,技術
經濟,青年
經濟,辯論
經濟,世界
經濟,企業家
經濟,高雄市
經濟,教授
經濟,策略
經濟,經驗
經濟,戰略
經濟,環保
經濟,競爭
經濟,服務
經濟,政黨
經濟,創造
經濟,正式
經濟,馬英九
經濟,商港
經濟,價值
經濟,數據
經濟,考量
經濟,承諾
經濟,發現
經濟,關注
經濟,工業
經濟,內部
經濟,台商
經濟,年輕
經濟,提問
經濟,貿易戰
經濟,整合
經濟,攻擊
經濟,期待
經濟,關鍵
經濟,AI
經濟,口號
經濟,目標
經濟,思考
經濟,能力
經濟,發大財
經濟,解決
經濟,轉型
參選,民調
參選,董事長
參選,支持
參選,美國
參選,蔡英文
參選,市長
參選,未來
參選,報導
參選,蘋果
參選,川普
參選,集團
參選,民進黨
參選,政治
參選,高雄
參選,民主
參選,台北
參選,宣布
參選,公司
參選,投資
參選,黨內
參選,企業
參選,2020
參選,媒體
參選,徵召
參選,政府
參選,國家
參選,參加
參選,賴清德
參選,選舉
參選,當選
參選,臉書
參選,年輕人
參選,中華民國
參選,發展
參選,朱立倫
參選,國際
參選,提名
參選,王金平
參選,和平
參選,科技
參選,投入
參選,百分點
參選,分析
參選,表態
參選,參選人
參選,主席
參選,柯文哲
參選,外界
參選,社會
參選,代表
參選,吳敦義
參選,韓粉
參選,指出
參選,候選人
參選,媽祖
參選,回應
參選,院長
參選,機會
參選,選民
參選,員工
參選,記者
參選,影響
參選,手機
參選,支持度
參選,透露
參選,雲林
參選,議題
參選,大學
參選,台幣
參選,政策
參選,富士康
參選,兩岸
參選,經營
參選,會面
參選,黨員
參選,人選
參選,白宮
參選,採訪
參選,人民
參選,藍營
參選,針對
參選,黨
參選,出席
參選,民眾
參選,成功
參選,透過
參選,總統大選
參選,地方
參選,競選
參選,權力
參選,參與
參選,黨中央
參選,立委
參選,股東
參選,挺
參選,網路
參選,質疑
參選,財產
參選,引發
參選,全球
參選,利益
參選,投票
參選,計劃
參選,合作
參選,批評
參選,納入
參選,大選
參選,全民
參選,財經
參選,立法院
參選,面對
參選,總裁
參選,安排
參選,行政院
參選,協調
參選,挑戰
參選,尊重
參選,意願
參選,團隊
參選,藍綠
參選,股價
參選,討論
參選,中常會
參選,近期
參選,青年
參選,教育
參選,辯論
參選,世界
參選,企業家
參選,首富
參選,高雄市
參選,曾馨瑩
參選,經驗
參選,競爭
參選,政黨
參選,座談
參選,訪問
參選,霸氣
參選,正式
參選,馬英九
參選,最新
參選,價值
參選,選戰
參選,議員
參選,公布
參選,承諾
參選,態度
參選,關注
參選,內部
參選,主動
參選,先前
參選,年輕
參選,接班
參選,提案
參選,蔡正元
參選,建議
參選,意見
參選,新聞
參選,澄清
參選,口號
參選,身家
參選,財富
參選,專訪
參選,解決
參選,辦公室
參選,舉辦
2019,蘋果
2019,高雄
2019,採訪
民調,董事長
民調,支持
民調,蔡英文
民調,市長
民調,未來
民調,報導
民調,蘋果
民調,川普
民調,民進黨
民調,政治
民調,高雄
民調,台北
民調,宣布
民調,公司
民調,黨內
民調,2020
民調,媒體
民調,徵召
民調,參加
民調,賴清德
民調,選舉
民調,臉書
民調,年輕人
民調,發展
民調,朱立倫
民調,提名
民調,王金平
民調,投入
民調,百分點
民調,分析
民調,表態
民調,參選人
民調,主席
民調,柯文哲
民調,外界
民調,代表
民調,吳敦義
民調,韓粉
民調,指出
民調,候選人
民調,回應
民調,院長
民調,機會
民調,選民
民調,影響
民調,手機
民調,支持度
民調,透露
民調,議題
民調,大學
民調,政策
民調,會面
民調,黨員
民調,人選
民調,人民
民調,藍營
民調,針對
民調,黨
民調,民眾
民調,透過
民調,總統大選
民調,地方
民調,制度
民調,領先
民調,黨中央
民調,挺
民調,投票
民調,納入
民調,大選
民調,全民
民調,立法院
民調,支持者
民調,行政院
民調,協調
民調,藍綠
民調,討論
民調,發表
民調,中常會
民調,近期
民調,辯論
民調,高雄市
民調,教授
民調,競爭
民調,政黨
民調,訪問
民調,正式
民調,最新
民調,公布
民調,發現
民調,關注
民調,內部
民調,比率
民調,主動
民調,年輕
民調,建議
民調,基層
民調,接地氣
民調,新聞
民調,舉辦
董事長,支持
董事長,美國
董事長,蔡英文
董事長,市長
董事長,未來
董事長,報導
董事長,蘋果
董事長,川普
董事長,集團
董事長,民進黨
董事長,政治
董事長,高雄
董事長,民主
董事長,台北
董事長,宣布
董事長,公司
董事長,投資
董事長,黨內
董事長,企業
董事長,2020
董事長,媒體
董事長,徵召
董事長,政府
董事長,國家
董事長,參加
董事長,賴清德
董事長,選舉
董事長,當選
董事長,臉書
董事長,年輕人
董事長,中華民國
董事長,朱立倫
董事長,國際
董事長,提名
董事長,王金平
董事長,和平
董事長,科技
董事長,投入
董事長,分析
董事長,表態
董事長,參選人
董事長,主席
董事長,柯文哲
董事長,外界
董事長,社會
董事長,代表
董事長,吳敦義
董事長,指出
董事長,候選人
董事長,回應
董事長,股票
董事長,院長
董事長,機會
董事長,員工
董事長,記者
董事長,影響
董事長,手機
董事長,支持度
董事長,透露
董事長,議題
董事長,大學
董事長,台幣
董事長,富士康
董事長,經營
董事長,會面
董事長,黨員
董事長,人選
董事長,白宮
董事長,採訪
董事長,產業
董事長,藍營
董事長,針對
董事長,網友
董事長,黨
董事長,出席
董事長,民眾
董事長,透過
董事長,總統大選
董事長,地方
董事長,國防
董事長,競選
董事長,參與
董事長,去年
董事長,立委
董事長,股東
董事長,挺
董事長,網路
董事長,說法
董事長,質疑
董事長,市場
董事長,財產
董事長,引發
董事長,全球
董事長,共識
董事長,利益
董事長,投票
董事長,日本
董事長,批評
董事長,威州
董事長,大選
董事長,全民
董事長,財經
董事長,立法院
董事長,總裁
董事長,創業
董事長,行政院
董事長,意願
董事長,團隊
董事長,股價
董事長,發表
董事長,技術
董事長,青年
董事長,教育
董事長,辯論
董事長,首富
董事長,高雄市
董事長,曾馨瑩
董事長,戰略
董事長,環保
董事長,競爭
董事長,決策
董事長,正式
董事長,角逐
董事長,格力電器
董事長,關注
董事長,工業
董事長,半導體
董事長,先前
董事長,年輕
董事長,接班
董事長,蔡正元
董事長,建議
董事長,研發
董事長,身家
董事長,專訪
董事長,產品
董事長,總經理
支持,美國
支持,蔡英文
支持,市長
支持,未來
支持,報導
支持,蘋果
支持,川普
支持,集團
支持,民進黨
支持,政治
支持,高雄
支持,民主
支持,台北
支持,宣布
支持,公司
支持,投資
支持,黨內
支持,企業
支持,2020
支持,媒體
支持,徵召
支持,政府
支持,國家
支持,參加
支持,賴清德
支持,選舉
支持,當選
支持,臉書
支持,年輕人
支持,發展
支持,朱立倫
支持,國際
支持,提名
支持,王金平
支持,和平
支持,投入
支持,百分點
支持,分析
支持,表態
支持,參選人
支持,主席
支持,柯文哲
支持,外界
支持,社會
支持,代表
支持,吳敦義
支持,韓粉
支持,指出
支持,候選人
支持,回應
支持,院長
支持,機會
支持,選民
支持,記者
支持,影響
支持,手機
支持,支持度
支持,透露
支持,議題
支持,大學
支持,兩岸
支持,會面
支持,人選
支持,採訪
支持,人民
支持,藍營
支持,針對
支持,黨
支持,民眾
支持,總統大選
支持,地方
支持,競選
支持,領先
支持,立委
支持,挺
支持,網路
支持,質疑
支持,引發
支持,共識
支持,合作
支持,批評
支持,大選
支持,立法院
支持,總裁
支持,九二
支持,支持者
支持,行政院
支持,挑戰
支持,藍綠
支持,發表
支持,近期
支持,推動
支持,教育
支持,高雄市
支持,教授
支持,曾馨瑩
支持,經驗
支持,戰略
支持,形象
支持,政黨
支持,正式
支持,最新
支持,價值
支持,聲明
支持,議員
支持,發現
支持,態度
支持,關注
支持,比率
支持,年輕
支持,蔡正元
支持,攻擊
支持,建議
支持,基層
支持,呼籲
支持,優勢
美國,蔡英文
美國,市長
美國,未來
美國,報導
美國,蘋果
美國,川普
美國,集團
美國,民進黨
美國,政治
美國,高雄
美國,民主
美國,台北
美國,公司
美國,投資
美國,黨內
美國,企業
美國,媒體
美國,政府
美國,國家
美國,參加
美國,賴清德
美國,選舉
美國,當選
美國,臉書
美國,中華民國
美國,發展
美國,國際
美國,和平
美國,科技
美國,投入
美國,分析
美國,表態
美國,參選人
美國,主席
美國,外界
美國,社會
美國,代表
美國,候選人
美國,回應
美國,機會
美國,記者
美國,影響
美國,透露
美國,大學
美國,台幣
美國,政策
美國,富士康
美國,兩岸
美國,經營
美國,會面
美國,白宮
美國,採訪
美國,產業
美國,黨
美國,成功
美國,總統大選
美國,工作
美國,地方
美國,制度
美國,國防
美國,權力
美國,去年
美國,質疑
美國,大陸
美國,市場
美國,引發
美國,全球
美國,利益
美國,日本
美國,生產
美國,合作
美國,批評
美國,威州
美國,大選
美國,北京
美國,中共
美國,安排
美國,挑戰
美國,製造
美國,技術
美國,事業
美國,2016
美國,世界
美國,企業家
美國,高雄市
美國,國旗
美國,教授
美國,戰略
美國,競爭
美國,訪問
美國,創造
美國,馬英九
美國,承諾
美國,格力電器
美國,工業
美國,先前
美國,習近平
美國,貿易戰
美國,研發
美國,新聞
美國,關鍵
美國,轉型
蔡英文,市長
蔡英文,未來
蔡英文,報導
蔡英文,蘋果
蔡英文,川普
蔡英文,民進黨
蔡英文,政治
蔡英文,高雄
蔡英文,民主
蔡英文,台北
蔡英文,宣布
蔡英文,公司
蔡英文,黨內
蔡英文,2020
蔡英文,媒體
蔡英文,政府
蔡英文,國家
蔡英文,參加
蔡英文,賴清德
蔡英文,選舉
蔡英文,當選
蔡英文,臉書
蔡英文,年輕人
蔡英文,發展
蔡英文,朱立倫
蔡英文,提名
蔡英文,王金平
蔡英文,和平
蔡英文,百分點
蔡英文,分析
蔡英文,表態
蔡英文,參選人
蔡英文,主席
蔡英文,柯文哲
蔡英文,社會
蔡英文,代表
蔡英文,指出
蔡英文,候選人
蔡英文,回應
蔡英文,院長
蔡英文,機會
蔡英文,選民
蔡英文,支持度
蔡英文,雲林
蔡英文,議題
蔡英文,大學
蔡英文,政策
蔡英文,兩岸
蔡英文,採訪
蔡英文,人民
蔡英文,藍營
蔡英文,針對
蔡英文,網友
蔡英文,黨
蔡英文,出席
蔡英文,民眾
蔡英文,透過
蔡英文,總統大選
蔡英文,國防
蔡英文,領先
蔡英文,去年
蔡英文,立委
蔡英文,網路
蔡英文,說法
蔡英文,質疑
蔡英文,薪資
蔡英文,引發
蔡英文,投票
蔡英文,合作
蔡英文,批評
蔡英文,大選
蔡英文,立法院
蔡英文,面對
蔡英文,行政院
蔡英文,挑戰
蔡英文,藍綠
蔡英文,製造
蔡英文,近期
蔡英文,教育
蔡英文,2016
蔡英文,高雄市
蔡英文,馬英九
蔡英文,最新
蔡英文,加薪
蔡英文,內部
蔡英文,年輕
蔡英文,行政院長
蔡英文,習近平
蔡英文,當飯吃
蔡英文,解決
蔡英文,舉辦
市長,未來
市長,報導
市長,蘋果
市長,民進黨
市長,政治
市長,高雄
市長,台北
市長,宣布
市長,公司
市長,投資
市長,黨內
市長,2020
市長,媒體
市長,徵召
市長,政府
市長,國家
市長,參加
市長,賴清德
市長,選舉
市長,當選
市長,臉書
市長,發展
市長,朱立倫
市長,國際
市長,提名
市長,王金平
市長,科技
市長,投入
市長,分析
市長,表態
市長,參選人
市長,主席
市長,柯文哲
市長,外界
市長,社會
市長,代表
市長,吳敦義
市長,韓粉
市長,候選人
市長,回應
市長,院長
市長,機會
市長,選民
市長,支持度
市長,雲林
市長,議題
市長,大學
市長,政策
市長,兩岸
市長,會面
市長,採訪
市長,藍營
市長,針對
市長,黨
市長,出席
市長,民眾
市長,總統大選
市長,地方
市長,國防
市長,競選
市長,參與
市長,黨中央
市長,去年
市長,網路
市長,說法
市長,引發
市長,全球
市長,共識
市長,投票
市長,納入
市長,大選
市長,立法院
市長,行政院
市長,意願
市長,翻轉
市長,藍綠
市長,討論
市長,發表
市長,辯論
市長,世界
市長,高雄市
市長,經驗
市長,競爭
市長,馬英九
市長,最新
市長,聲明
市長,議員
市長,主動
市長,先前
市長,建議
市長,接地氣
市長,意見
市長,口號
市長,專訪
市長,發大財
市長,舉辦
未來,報導
未來,蘋果
未來,集團
未來,民進黨
未來,政治
未來,高雄
未來,民主
未來,台北
未來,宣布
未來,公司
未來,投資
未來,黨內
未來,企業
未來,2020
未來,媒體
未來,政府
未來,國家
未來,參加
未來,選舉
未來,當選
未來,臉書
未來,年輕人
未來,中華民國
未來,發展
未來,朱立倫
未來,國際
未來,和平
未來,科技
未來,投入
未來,分析
未來,表態
未來,參選人
未來,外界
未來,社會
未來,代表
未來,指出
未來,候選人
未來,回應
未來,股票
未來,院長
未來,機會
未來,選民
未來,影響
未來,手機
未來,透露
未來,雲林
未來,議題
未來,大學
未來,政策
未來,富士康
未來,兩岸
未來,經營
未來,採訪
未來,人民
未來,產業
未來,黨
未來,出席
未來,成功
未來,工作
未來,地方
未來,國防
未來,競選
未來,去年
未來,股東
未來,網路
未來,市場
未來,引發
未來,全球
未來,利益
未來,計劃
未來,印度
未來,大選
未來,面對
未來,創業
未來,挑戰
未來,翻轉
未來,麥
未來,製造
未來,技術
未來,青年
未來,推動
未來,世界
未來,企業家
未來,高雄市
未來,經驗
未來,競爭
未來,決策
未來,政黨
未來,座談
未來,創造
未來,馬英九
未來,商港
未來,價值
未來,數據
未來,關注
未來,內部
未來,年輕
未來,提問
未來,貿易戰
未來,整合
未來,加碼
未來,角色
未來,研發
未來,新聞
未來,關鍵
未來,AI
未來,能力
未來,產品
未來,發大財
未來,當地
未來,轉型
報導,蘋果
報導,川普
報導,集團
報導,民進黨
報導,政治
報導,高雄
報導,民主
報導,台北
報導,宣布
報導,公司
報導,投資
報導,黨內
報導,企業
報導,2020
報導,媒體
報導,徵召
報導,政府
報導,參加
報導,賴清德
報導,選舉
報導,當選
報導,臉書
報導,發展
報導,國際
報導,提名
報導,科技
報導,投入
報導,表態
報導,參選人
報導,主席
報導,外界
報導,代表
報導,吳敦義
報導,指出
報導,候選人
報導,媽祖
報導,回應
報導,機會
報導,員工
報導,記者
報導,透露
報導,雲林
報導,議題
報導,大學
報導,富士康
報導,經營
報導,會面
報導,白宮
報導,採訪
報導,藍營
報導,針對
報導,黨
報導,總統大選
報導,工作
報導,地方
報導,競選
報導,參與
報導,股東
報導,質疑
報導,引發
報導,全球
報導,利益
報導,計劃
報導,生產
報導,合作
報導,批評
報導,威州
報導,大選
報導,北京
報導,財經
報導,安排
報導,股價
報導,事業
報導,青年
報導,世界
報導,首富
報導,高雄市
報導,曾馨瑩
報導,競爭
報導,馬英九
報導,角逐
報導,關注
報導,口號
報導,專訪
蘋果,川普
蘋果,集團
蘋果,民進黨
蘋果,政治
蘋果,高雄
蘋果,民主
蘋果,台北
蘋果,宣布
蘋果,公司
蘋果,投資
蘋果,黨內
蘋果,企業
蘋果,2020
蘋果,媒體
蘋果,徵召
蘋果,政府
蘋果,國家
蘋果,參加
蘋果,賴清德
蘋果,選舉
蘋果,臉書
蘋果,年輕人
蘋果,發展
蘋果,朱立倫
蘋果,國際
蘋果,提名
蘋果,王金平
蘋果,科技
蘋果,投入
蘋果,百分點
蘋果,分析
蘋果,表態
蘋果,參選人
蘋果,柯文哲
蘋果,外界
蘋果,社會
蘋果,回應
蘋果,股票
蘋果,院長
蘋果,機會
蘋果,員工
蘋果,記者
蘋果,影響
蘋果,手機
蘋果,支持度
蘋果,透露
蘋果,雲林
蘋果,議題
蘋果,大學
蘋果,台幣
蘋果,富士康
蘋果,會面
蘋果,人選
蘋果,採訪
蘋果,人民
蘋果,產業
蘋果,針對
蘋果,黨
蘋果,民眾
蘋果,總統大選
蘋果,工作
蘋果,地方
蘋果,競選
蘋果,參與
蘋果,領先
蘋果,挺
蘋果,市場
蘋果,財產
蘋果,全球
蘋果,計劃
蘋果,生產
蘋果,印度
蘋果,合作
蘋果,威州
蘋果,大選
蘋果,立法院
蘋果,總裁
蘋果,創業
蘋果,行政院
蘋果,協調
蘋果,翻轉
蘋果,藍綠
蘋果,麥
蘋果,發表
蘋果,製造
蘋果,工廠
蘋果,技術
蘋果,教育
蘋果,2016
蘋果,世界
蘋果,首富
蘋果,高雄市
蘋果,曾馨瑩
蘋果,競爭
蘋果,訪問
蘋果,創造
蘋果,最新
蘋果,價值
蘋果,數據
蘋果,議員
蘋果,上市
蘋果,承諾
蘋果,工業
蘋果,年輕
蘋果,整合
蘋果,研發
蘋果,身家
蘋果,產品
蘋果,舉辦
川普,集團
川普,政治
川普,台北
川普,宣布
川普,投資
川普,黨內
川普,企業
川普,2020
川普,媒體
川普,國家
川普,參加
川普,選舉
川普,當選
川普,臉書
川普,中華民國
川普,發展
川普,國際
川普,和平
川普,表態
川普,參選人
川普,主席
川普,外界
川普,候選人
川普,記者
川普,透露
川普,議題
川普,政策
川普,富士康
川普,會面
川普,白宮
川普,採訪
川普,產業
川普,黨
川普,總統大選
川普,地方
川普,制度
川普,去年
川普,質疑
川普,大陸
川普,引發
川普,計劃
川普,威州
川普,大選
川普,討論
川普,2016
川普,世界
川普,國旗
川普,教授
川普,馬英九
川普,聲明
川普,習近平
集團,高雄
集團,台北
集團,宣布
集團,公司
集團,投資
集團,黨內
集團,企業
集團,2020
集團,媒體
集團,政府
集團,國家
集團,臉書
集團,中華民國
集團,發展
集團,國際
集團,科技
集團,投入
集團,分析
集團,表態
集團,主席
集團,外界
集團,代表
集團,機會
集團,員工
集團,影響
集團,透露
集團,大學
集團,台幣
集團,政策
集團,富士康
集團,兩岸
集團,經營
集團,人選
集團,採訪
集團,人民
集團,產業
集團,黨
集團,出席
集團,地方
集團,去年
集團,股東
集團,網路
集團,大陸
集團,財產
集團,全球
集團,利益
集團,生產
集團,合作
集團,財經
集團,總裁
集團,麥
集團,發表
集團,製造
集團,事業
集團,近期
集團,推動
集團,首富
集團,高雄市
集團,曾馨瑩
集團,戰略
集團,正式
集團,商港
集團,上市
集團,格力電器
集團,關注
集團,工業
集團,半導體
集團,接班
集團,人民幣
集團,角色
集團,身家
集團,產品
集團,總經理
民進黨,政治
民進黨,高雄
民進黨,民主
民進黨,台北
民進黨,宣布
民進黨,公司
民進黨,黨內
民進黨,企業
民進黨,2020
民進黨,政府
民進黨,參加
民進黨,賴清德
民進黨,選舉
民進黨,當選
民進黨,臉書
民進黨,年輕人
民進黨,中華民國
民進黨,發展
民進黨,朱立倫
民進黨,國際
民進黨,提名
民進黨,王金平
民進黨,投入
民進黨,百分點
民進黨,分析
民進黨,表態
民進黨,參選人
民進黨,主席
民進黨,柯文哲
民進黨,社會
民進黨,代表
民進黨,吳敦義
民進黨,候選人
民進黨,院長
民進黨,機會
民進黨,選民
民進黨,影響
民進黨,手機
民進黨,支持度
民進黨,議題
民進黨,大學
民進黨,政策
民進黨,兩岸
民進黨,會面
民進黨,黨員
民進黨,人選
民進黨,藍營
民進黨,針對
民進黨,黨
民進黨,民眾
民進黨,總統大選
民進黨,地方
民進黨,競選
民進黨,立委
民進黨,挺
民進黨,網路
民進黨,質疑
民進黨,大陸
民進黨,共識
民進黨,投票
民進黨,批評
民進黨,納入
民進黨,大選
民進黨,北京
民進黨,全民
民進黨,立法院
民進黨,面對
民進黨,支持者
民進黨,行政院
民進黨,協調
民進黨,挑戰
民進黨,討論
民進黨,近期
民進黨,高雄市
民進黨,教授
民進黨,策略
民進黨,經驗
民進黨,競爭
民進黨,政黨
民進黨,正式
民進黨,最新
民進黨,議員
民進黨,內部
民進黨,年輕
民進黨,攻擊
民進黨,期待
民進黨,意見
民進黨,舉辦
政治,高雄
政治,民主
政治,台北
政治,宣布
政治,投資
政治,黨內
政治,企業
政治,2020
政治,徵召
政治,政府
政治,國家
政治,參加
政治,選舉
政治,當選
政治,臉書
政治,中華民國
政治,發展
政治,朱立倫
政治,國際
政治,提名
政治,分析
政治,參選人
政治,主席
政治,柯文哲
政治,外界
政治,社會
政治,代表
政治,吳敦義
政治,候選人
政治,媽祖
政治,回應
政治,院長
政治,機會
政治,選民
政治,透露
政治,大學
政治,兩岸
政治,會面
政治,採訪
政治,人民
政治,藍營
政治,針對
政治,黨
政治,成功
政治,地方
政治,制度
政治,國防
政治,權力
政治,參與
政治,網路
政治,質疑
政治,大陸
政治,引發
政治,利益
政治,批評
政治,威州
政治,納入
政治,北京
政治,立法院
政治,發表
政治,技術
政治,企業家
政治,高雄市
政治,教授
政治,競爭
政治,服務
政治,考量
政治,攻擊
政治,接地氣
政治,口號
高雄,民主
高雄,台北
高雄,宣布
高雄,公司
高雄,投資
高雄,黨內
高雄,企業
高雄,2020
高雄,媒體
高雄,徵召
高雄,政府
高雄,參加
高雄,賴清德
高雄,選舉
高雄,當選
高雄,臉書
高雄,發展
高雄,朱立倫
高雄,提名
高雄,王金平
高雄,科技
高雄,投入
高雄,分析
高雄,表態
高雄,參選人
高雄,主席
高雄,柯文哲
高雄,外界
高雄,社會
高雄,代表
高雄,吳敦義
高雄,韓粉
高雄,候選人
高雄,回應
高雄,院長
高雄,機會
高雄,選民
高雄,記者
高雄,影響
高雄,支持度
高雄,透露
高雄,雲林
高雄,議題
高雄,大學
高雄,富士康
高雄,會面
高雄,人選
高雄,採訪
高雄,產業
高雄,藍營
高雄,針對
高雄,網友
高雄,黨
高雄,出席
高雄,民眾
高雄,總統大選
高雄,地方
高雄,參與
高雄,黨中央
高雄,去年
高雄,立委
高雄,挺
高雄,網路
高雄,引發
高雄,全球
高雄,投票
高雄,日本
高雄,生產
高雄,納入
高雄,大選
高雄,全民
高雄,立法院
高雄,創業
高雄,安排
高雄,行政院
高雄,尊重
高雄,意願
高雄,翻轉
高雄,發表
高雄,製造
高雄,工廠
高雄,辯論
高雄,高雄市
高雄,競爭
高雄,服務
高雄,正式
高雄,最新
高雄,價值
高雄,數據
高雄,聲明
高雄,議員
高雄,考量
高雄,承諾
高雄,主動
高雄,先前
高雄,行政院長
高雄,提案
高雄,貿易戰
高雄,整合
高雄,建議
高雄,研發
高雄,基層
高雄,意見
高雄,新聞
高雄,口號
高雄,專訪
高雄,產品
高雄,發大財
高雄,舉辦
民主,宣布
民主,黨內
民主,企業
民主,徵召
民主,國家
民主,參加
民主,賴清德
民主,臉書
民主,中華民國
民主,發展
民主,和平
民主,主席
民主,社會
民主,代表
民主,吳敦義
民主,選民
民主,記者
民主,影響
民主,經營
民主,採訪
民主,人民
民主,產業
民主,針對
民主,網友
民主,黨
民主,制度
民主,網路
民主,說法
民主,質疑
民主,引發
民主,投票
民主,面對
民主,中共
民主,價值
民主,主動
民主,新聞
民主,當飯吃
民主,舉辦
台北,宣布
台北,公司
台北,投資
台北,黨內
台北,企業
台北,2020
台北,媒體
台北,徵召
台北,政府
台北,國家
台北,賴清德
台北,選舉
台北,當選
台北,臉書
台北,朱立倫
台北,國際
台北,王金平
台北,科技
台北,投入
台北,分析
台北,表態
台北,參選人
台北,柯文哲
台北,外界
台北,代表
台北,吳敦義
台北,媽祖
台北,回應
台北,院長
台北,機會
台北,選民
台北,記者
台北,支持度
台北,透露
台北,議題
台北,大學
台北,富士康
台北,會面
台北,採訪
台北,藍營
台北,針對
台北,黨
台北,民眾
台北,總統大選
台北,地方
台北,參與
台北,黨中央
台北,說法
台北,財產
台北,全球
台北,利益
台北,大選
台北,北京
台北,財經
台北,立法院
台北,安排
台北,行政院
台北,青年
台北,教育
台北,首富
台北,高雄市
台北,教授
台北,曾馨瑩
台北,競爭
台北,座談
台北,價值
台北,議員
台北,上市
台北,角逐
台北,工業
台北,內部
台北,意見
宣布,公司
宣布,投資
宣布,黨內
宣布,2020
宣布,媒體
宣布,徵召
宣布,參加
宣布,賴清德
宣布,選舉
宣布,臉書
宣布,朱立倫
宣布,提名
宣布,王金平
宣布,投入
宣布,分析
宣布,表態
宣布,主席
宣布,外界
宣布,吳敦義
宣布,韓粉
宣布,候選人
宣布,媽祖
宣布,回應
宣布,股票
宣布,院長
宣布,記者
宣布,影響
宣布,支持度
宣布,透露
宣布,議題
宣布,富士康
宣布,採訪
宣布,藍營
宣布,網友
宣布,黨
宣布,總統大選
宣布,競選
宣布,參與
宣布,黨中央
宣布,股東
宣布,挺
宣布,質疑
宣布,財產
宣布,威州
宣布,大選
宣布,立法院
宣布,面對
宣布,行政院
宣布,意願
宣布,股價
宣布,事業
宣布,近期
宣布,教育
宣布,首富
宣布,高雄市
宣布,曾馨瑩
宣布,霸氣
宣布,正式
宣布,選戰
宣布,聲明
宣布,角逐
宣布,承諾
宣布,態度
宣布,關注
宣布,蔡正元
宣布,澄清
宣布,身家
公司,投資
公司,黨內
公司,企業
公司,2020
公司,政府
公司,國家
公司,賴清德
公司,當選
公司,臉書
公司,發展
公司,朱立倫
公司,國際
公司,提名
公司,王金平
公司,科技
公司,投入
公司,分析
公司,參選人
公司,柯文哲
公司,外界
公司,指出
公司,股票
公司,院長
公司,選民
公司,員工
公司,記者
公司,影響
公司,手機
公司,支持度
公司,議題
公司,大學
公司,台幣
公司,政策
公司,富士康
公司,兩岸
公司,經營
公司,採訪
公司,產業
公司,針對
公司,黨
公司,民眾
公司,總統大選
公司,工作
公司,地方
公司,股東
公司,財產
公司,薪資
公司,全球
公司,利益
公司,計劃
公司,生產
公司,合作
公司,大選
公司,全民
公司,立法院
公司,行政院
公司,協調
公司,發表
公司,工廠
公司,技術
公司,世界
公司,高雄市
公司,經驗
公司,環保
公司,決策
公司,政黨
公司,正式
公司,數據
公司,上市
公司,治理
公司,發現
公司,蔡正元
公司,研發
公司,管理
公司,產品
公司,總經理
投資,企業
投資,政府
投資,國家
投資,選舉
投資,當選
投資,發展
投資,國際
投資,科技
投資,分析
投資,表態
投資,參選人
投資,外界
投資,代表
投資,指出
投資,回應
投資,股票
投資,機會
投資,影響
投資,透露
投資,雲林
投資,台幣
投資,政策
投資,富士康
投資,兩岸
投資,經營
投資,會面
投資,白宮
投資,採訪
投資,產業
投資,黨
投資,工作
投資,地方
投資,參與
投資,去年
投資,股東
投資,質疑
投資,大陸
投資,全球
投資,利益
投資,計劃
投資,生產
投資,印度
投資,合作
投資,威州
投資,創業
投資,團隊
投資,討論
投資,麥
投資,發表
投資,製造
投資,技術
投資,青年
投資,推動
投資,企業家
投資,高雄市
投資,戰略
投資,決策
投資,座談
投資,創造
投資,商港
投資,數據
投資,考量
投資,承諾
投資,格力電器
投資,台商
投資,接班
投資,貿易戰
投資,整合
投資,加碼
投資,研發
投資,當地
投資,總經理
黨內,2020
黨內,徵召
黨內,參加
黨內,賴清德
黨內,選舉
黨內,臉書
黨內,中華民國
黨內,發展
黨內,朱立倫
黨內,提名
黨內,王金平
黨內,投入
黨內,百分點
黨內,分析
黨內,表態
黨內,參選人
黨內,主席
黨內,外界
黨內,代表
黨內,吳敦義
黨內,韓粉
黨內,指出
黨內,候選人
黨內,回應
黨內,院長
黨內,機會
黨內,選民
黨內,手機
黨內,支持度
黨內,透露
黨內,議題
黨內,政策
黨內,會面
黨內,黨員
黨內,人選
黨內,採訪
黨內,人民
黨內,藍營
黨內,黨
黨內,民眾
黨內,透過
黨內,總統大選
黨內,地方
黨內,制度
黨內,競選
黨內,權力
黨內,參與
黨內,黨中央
黨內,立委
黨內,質疑
黨內,投票
黨內,批評
黨內,納入
黨內,大選
黨內,立法院
黨內,支持者
黨內,協調
黨內,意願
黨內,討論
黨內,中常會
黨內,辯論
黨內,2016
黨內,高雄市
黨內,策略
黨內,競爭
黨內,政黨
黨內,座談
黨內,霸氣
黨內,正式
黨內,最新
黨內,關注
黨內,提案
黨內,關鍵
黨內,舉辦
企業,媒體
企業,政府
企業,國家
企業,選舉
企業,當選
企業,臉書
企業,發展
企業,國際
企業,提名
企業,科技
企業,分析
企業,外界
企業,社會
企業,選民
企業,員工
企業,影響
企業,雲林
企業,政策
企業,富士康
企業,兩岸
企業,經營
企業,採訪
企業,人民
企業,產業
企業,黨
企業,民眾
企業,成功
企業,工作
企業,地方
企業,參與
企業,股東
企業,大陸
企業,市場
企業,財產
企業,薪資
企業,全球
企業,利益
企業,面對
企業,改變
企業,挑戰
企業,翻轉
企業,工廠
企業,技術
企業,事業
企業,青年
企業,教育
企業,世界
企業,企業家
企業,教授
企業,策略
企業,經驗
企業,競爭
企業,形象
企業,決策
企業,座談
企業,價值
企業,數據
企業,上市
企業,加薪
企業,治理
企業,加碼
企業,管理
企業,關鍵
企業,目標
企業,能力
企業,財富
企業,優勢
企業,轉型
2020,媒體
2020,徵召
2020,參加
2020,賴清德
2020,選舉
2020,年輕人
2020,中華民國
2020,朱立倫
2020,提名
2020,王金平
2020,投入
2020,分析
2020,表態
2020,參選人
2020,柯文哲
2020,外界
2020,代表
2020,吳敦義
2020,韓粉
2020,指出
2020,候選人
2020,回應
2020,院長
2020,機會
2020,選民
2020,支持度
2020,透露
2020,議題
2020,黨員
2020,人選
2020,藍營
2020,針對
2020,網友
2020,黨
2020,民眾
2020,總統大選
2020,競選
2020,參與
2020,黨中央
2020,去年
2020,網路
2020,全球
2020,納入
2020,大選
2020,立法院
2020,行政院
2020,協調
2020,發表
2020,世界
2020,高雄市
2020,聲明
2020,角逐
2020,關注
2020,年輕
2020,提案
媒體,國家
媒體,賴清德
媒體,選舉
媒體,當選
媒體,臉書
媒體,國際
媒體,主席
媒體,社會
媒體,韓粉
媒體,候選人
媒體,媽祖
媒體,回應
媒體,記者
媒體,雲林
媒體,政策
媒體,白宮
媒體,採訪
媒體,黨
媒體,出席
媒體,民眾
媒體,透過
媒體,競選
媒體,參與
媒體,挺
媒體,引發
媒體,全球
媒體,批評
媒體,大選
媒體,北京
媒體,團隊
媒體,教育
媒體,首富
媒體,高雄市
媒體,國旗
媒體,曾馨瑩
媒體,適合
媒體,訪問
媒體,年輕
徵召,參加
徵召,臉書
徵召,朱立倫
徵召,提名
徵召,王金平
徵召,投入
徵召,表態
徵召,主席
徵召,外界
徵召,代表
徵召,吳敦義
徵召,韓粉
徵召,候選人
徵召,院長
徵召,富士康
徵召,黨員
徵召,人選
徵召,採訪
徵召,藍營
徵召,針對
徵召,網友
徵召,黨
徵召,制度
徵召,參與
徵召,黨中央
徵召,挺
徵召,投票
徵召,納入
徵召,大選
徵召,協調
徵召,意願
徵召,中常會
徵召,高雄市
徵召,競爭
徵召,議員
徵召,先前
徵召,提案
徵召,建議
政府,國家
政府,發展
政府,國際
政府,科技
政府,參選人
政府,外界
政府,社會
政府,代表
政府,機會
政府,雲林
政府,政策
政府,富士康
政府,兩岸
政府,經營
政府,採訪
政府,人民
政府,黨
政府,民眾
政府,透過
政府,地方
政府,參與
政府,去年
政府,大陸
政府,薪資
政府,計劃
政府,合作
政府,全民
政府,改變
政府,團隊
政府,翻轉
政府,事業
政府,教育
政府,世界
政府,企業家
政府,高雄市
政府,策略
政府,服務
政府,數據
政府,加薪
政府,管理
政府,舉辦
國家,賴清德
國家,當選
國家,中華民國
國家,發展
國家,國際
國家,科技
國家,主席
國家,社會
國家,指出
國家,院長
國家,選民
國家,大學
國家,政策
國家,富士康
國家,經營
國家,白宮
國家,人民
國家,針對
國家,網友
國家,黨
國家,成功
國家,工作
國家,說法
國家,財產
國家,共識
國家,利益
國家,投票
國家,中共
國家,九二
國家,行政院
國家,技術
國家,推動
國家,世界
國家,企業家
國家,教授
國家,戰略
國家,決策
國家,價值
國家,治理
國家,行政院長
國家,習近平
國家,新聞
國家,當飯吃
國家,關鍵
國家,目標
參加,選舉
參加,臉書
參加,中華民國
參加,朱立倫
參加,提名
參加,王金平
參加,表態
參加,主席
參加,社會
參加,代表
參加,吳敦義
參加,韓粉
參加,指出
參加,候選人
參加,回應
參加,院長
參加,機會
參加,黨員
參加,採訪
參加,人民
參加,針對
參加,黨
參加,制度
參加,黨中央
參加,挺
參加,引發
參加,合作
參加,納入
參加,北京
參加,協調
參加,意願
參加,討論
參加,發表
參加,中常會
參加,辯論
參加,高雄市
參加,聲明
參加,態度
參加,主動
參加,提案
參加,舉辦
賴清德,臉書
賴清德,中華民國
賴清德,朱立倫
賴清德,國際
賴清德,提名
賴清德,王金平
賴清德,百分點
賴清德,分析
賴清德,表態
賴清德,參選人
賴清德,主席
賴清德,柯文哲
賴清德,社會
賴清德,代表
賴清德,候選人
賴清德,回應
賴清德,院長
賴清德,機會
賴清德,選民
賴清德,支持度
賴清德,大學
賴清德,兩岸
賴清德,藍營
賴清德,針對
賴清德,網友
賴清德,黨
賴清德,民眾
賴清德,總統大選
賴清德,國防
賴清德,領先
賴清德,立委
賴清德,網路
賴清德,日本
賴清德,批評
賴清德,大選
賴清德,立法院
賴清德,面對
賴清德,支持者
賴清德,行政院
賴清德,挑戰
賴清德,近期
賴清德,推動
賴清德,高雄市
賴清德,比率
賴清德,行政院長
賴清德,優勢
選舉,當選
選舉,臉書
選舉,朱立倫
選舉,提名
選舉,王金平
選舉,投入
選舉,分析
選舉,主席
選舉,柯文哲
選舉,指出
選舉,候選人
選舉,院長
選舉,機會
選舉,選民
選舉,大學
選舉,黨
選舉,地方
選舉,國防
選舉,競選
選舉,去年
選舉,大選
選舉,行政院
選舉,討論
選舉,發表
選舉,中常會
選舉,高雄市
選舉,教授
選舉,形象
選舉,政黨
選舉,聲明
選舉,年輕
選舉,提案
當選,年輕人
當選,中華民國
當選,發展
當選,表態
當選,院長
當選,白宮
當選,黨
當選,權力
當選,大陸
當選,財產
當選,薪資
當選,利益
當選,北京
當選,行政院
當選,推動
當選,世界
當選,訪問
當選,內閣制
當選,年輕
當選,行政院長
當選,提問
臉書,中華民國
臉書,朱立倫
臉書,國際
臉書,表態
臉書,主席
臉書,外界
臉書,吳敦義
臉書,韓粉
臉書,回應
臉書,記者
臉書,大學
臉書,人選
臉書,白宮
臉書,採訪
臉書,人民
臉書,針對
臉書,網友
臉書,黨
臉書,民眾
臉書,透過
臉書,國防
臉書,競選
臉書,立委
臉書,網路
臉書,說法
臉書,質疑
臉書,薪資
臉書,引發
臉書,投票
臉書,批評
臉書,北京
臉書,面對
臉書,改變
臉書,意願
臉書,教育
臉書,高雄市
臉書,教授
臉書,曾馨瑩
臉書,競爭
臉書,聲明
臉書,主動
臉書,蔡正元
臉書,基層
臉書,當飯吃
臉書,關鍵
臉書,舉辦
年輕人,發展
年輕人,科技
年輕人,投入
年輕人,分析
年輕人,回應
年輕人,機會
年輕人,員工
年輕人,雲林
年輕人,議題
年輕人,大學
年輕人,政策
年輕人,富士康
年輕人,黨員
年輕人,黨
年輕人,民眾
年輕人,競選
年輕人,黨中央
年輕人,薪資
年輕人,全民
年輕人,改變
年輕人,創業
年輕人,青年
年輕人,首富
年輕人,競爭
年輕人,創造
年輕人,加薪
年輕人,年輕
年輕人,意見
年輕人,AI
中華民國,發展
中華民國,國際
中華民國,和平
中華民國,院長
中華民國,機會
中華民國,兩岸
中華民國,白宮
中華民國,採訪
中華民國,人民
中華民國,黨
中華民國,質疑
中華民國,大陸
中華民國,引發
中華民國,共識
中華民國,北京
中華民國,中共
中華民國,九二
中華民國,行政院
中華民國,世界
中華民國,國旗
中華民國,策略
中華民國,競爭
中華民國,AI
發展,朱立倫
發展,國際
發展,和平
發展,科技
發展,分析
發展,社會
發展,機會
發展,選民
發展,議題
發展,大學
發展,政策
發展,富士康
發展,兩岸
發展,採訪
發展,人民
發展,產業
發展,網友
發展,黨
發展,成功
發展,地方
發展,市場
發展,全民
發展,中共
發展,創業
發展,翻轉
發展,推動
發展,世界
發展,高雄市
發展,經驗
發展,競爭
發展,政黨
發展,創造
發展,價值
發展,內部
發展,年輕
發展,貿易戰
發展,AI
朱立倫,王金平
朱立倫,科技
朱立倫,投入
朱立倫,分析
朱立倫,表態
朱立倫,參選人
朱立倫,主席
朱立倫,柯文哲
朱立倫,吳敦義
朱立倫,韓粉
朱立倫,回應
朱立倫,院長
朱立倫,機會
朱立倫,選民
朱立倫,支持度
朱立倫,議題
朱立倫,會面
朱立倫,採訪
朱立倫,針對
朱立倫,黨
朱立倫,民眾
朱立倫,總統大選
朱立倫,競選
朱立倫,黨中央
朱立倫,納入
朱立倫,大選
朱立倫,全民
朱立倫,立法院
朱立倫,支持者
朱立倫,安排
朱立倫,行政院
朱立倫,意願
朱立倫,討論
朱立倫,中常會
朱立倫,高雄市
朱立倫,意見
朱立倫,辦公室
國際,和平
國際,科技
國際,分析
國際,外界
國際,社會
國際,機會
國際,影響
國際,透露
國際,雲林
國際,議題
國際,大學
國際,政策
國際,兩岸
國際,白宮
國際,採訪
國際,產業
國際,黨
國際,民眾
國際,地方
國際,權力
國際,大陸
國際,市場
國際,引發
國際,全球
國際,共識
國際,利益
國際,計劃
國際,納入
國際,北京
國際,總裁
國際,中共
國際,創業
國際,九二
國際,挑戰
國際,麥
國際,發表
國際,技術
國際,事業
國際,推動
國際,世界
國際,經驗
國際,適合
國際,戰略
國際,環保
國際,競爭
國際,商港
國際,考量
國際,工業
國際,年輕
國際,貿易戰
國際,加碼
國際,產品
國際,轉型
提名,投入
提名,分析
提名,參選人
提名,主席
提名,吳敦義
提名,指出
提名,候選人
提名,機會
提名,選民
提名,手機
提名,透露
提名,黨員
提名,人選
提名,採訪
提名,黨
提名,透過
提名,黨中央
提名,立委
提名,投票
提名,納入
提名,大選
提名,全民
提名,協調
提名,意願
提名,討論
提名,發表
提名,中常會
提名,高雄市
提名,政黨
提名,正式
提名,公布
提名,主動
提名,提案
提名,舉辦
王金平,投入
王金平,分析
王金平,表態
王金平,參選人
王金平,主席
王金平,柯文哲
王金平,吳敦義
王金平,韓粉
王金平,院長
王金平,機會
王金平,選民
王金平,影響
王金平,支持度
王金平,議題
王金平,會面
王金平,黨員
王金平,藍營
王金平,針對
王金平,黨
王金平,民眾
王金平,總統大選
王金平,地方
王金平,制度
王金平,黨中央
王金平,投票
王金平,合作
王金平,納入
王金平,大選
王金平,立法院
王金平,安排
王金平,行政院
王金平,尊重
王金平,意願
王金平,討論
王金平,中常會
王金平,高雄市
王金平,意見
王金平,辦公室
和平,科技
和平,兩岸
和平,白宮
和平,人民
和平,民眾
和平,國防
和平,大陸
和平,市場
和平,共識
和平,中共
和平,九二
和平,技術
和平,經驗
和平,戰略
和平,競爭
和平,價值
和平,研發
科技,參選人
科技,媽祖
科技,機會
科技,大學
科技,台幣
科技,富士康
科技,採訪
科技,產業
科技,黨
科技,出席
科技,成功
科技,地方
科技,國防
科技,全球
科技,日本
科技,生產
科技,全民
科技,總裁
科技,創業
科技,挑戰
科技,製造
科技,技術
科技,世界
科技,首富
科技,高雄市
科技,競爭
科技,創造
科技,價值
科技,台商
科技,先前
科技,年輕
科技,貿易戰
科技,整合
科技,研發
科技,模式
科技,關鍵
科技,AI
科技,總經理
科技,轉型
投入,代表
投入,韓粉
投入,回應
投入,機會
投入,影響
投入,支持度
投入,大學
投入,人選
投入,黨
投入,出席
投入,總統大選
投入,工作
投入,地方
投入,大選
投入,討論
投入,座談
投入,選戰
投入,關注
投入,年輕
百分點,柯文哲
百分點,支持度
百分點,黨
百分點,領先
百分點,最新
分析,參選人
分析,柯文哲
分析,外界
分析,代表
分析,院長
分析,機會
分析,選民
分析,影響
分析,支持度
分析,議題
分析,大學
分析,政策
分析,兩岸
分析,針對
分析,黨
分析,民眾
分析,總統大選
分析,地方
分析,參與
分析,全球
分析,利益
分析,大選
分析,全民
分析,立法院
分析,支持者
分析,行政院
分析,意願
分析,近期
分析,高雄市
分析,教授
分析,經驗
分析,政黨
分析,正式
分析,格力電器
分析,發現
分析,關注
分析,內部
分析,比率
分析,年輕
表態,柯文哲
表態,代表
表態,吳敦義
表態,候選人
表態,院長
表態,透露
表態,大學
表態,採訪
表態,藍營
表態,針對
表態,黨
表態,民眾
表態,參與
表態,黨中央
表態,挺
表態,引發
表態,大選
表態,北京
表態,立法院
表態,安排
表態,藍綠
表態,高雄市
表態,議員
表態,角逐
參選人,柯文哲
參選人,吳敦義
參選人,回應
參選人,院長
參選人,選民
參選人,記者
參選人,支持度
參選人,議題
參選人,會面
參選人,白宮
參選人,藍營
參選人,針對
參選人,黨
參選人,總統大選
參選人,大選
參選人,財經
參選人,立法院
參選人,行政院
參選人,協調
參選人,高雄市
參選人,口號
主席,吳敦義
主席,候選人
主席,院長
主席,記者
主席,兩岸
主席,會面
主席,黨員
主席,針對
主席,黨
主席,制度
主席,參與
主席,黨中央
主席,立委
主席,挺
主席,共識
主席,投票
主席,納入
主席,大選
主席,全民
主席,安排
主席,行政院
主席,協調
主席,高雄市
主席,聲明
主席,年輕
主席,行政院長
主席,習近平
柯文哲,代表
柯文哲,候選人
柯文哲,院長
柯文哲,選民
柯文哲,支持度
柯文哲,大學
柯文哲,藍營
柯文哲,針對
柯文哲,黨
柯文哲,民眾
柯文哲,總統大選
柯文哲,領先
柯文哲,批評
柯文哲,納入
柯文哲,大選
柯文哲,立法院
柯文哲,行政院
柯文哲,藍綠
柯文哲,高雄市
柯文哲,比率
外界,回應
外界,員工
外界,記者
外界,影響
外界,富士康
外界,經營
外界,會面
外界,人選
外界,採訪
外界,藍營
外界,黨
外界,出席
外界,地方
外界,競選
外界,股東
外界,質疑
外界,引發
外界,利益
外界,高雄市
外界,適合
外界,座談
外界,考量
外界,角逐
外界,關注
外界,接班
社會,機會
社會,員工
社會,影響
社會,經營
社會,採訪
社會,人民
社會,網友
社會,黨
社會,工作
社會,質疑
社會,大陸
社會,財產
社會,引發
社會,利益
社會,中共
社會,教育
社會,教授
社會,適合
社會,形象
社會,價值
社會,期待
社會,當飯吃
社會,模式
社會,目標
社會,能力
代表,院長
代表,機會
代表,透露
代表,人選
代表,人民
代表,藍營
代表,黨
代表,透過
代表,制度
代表,競選
代表,大選
代表,行政院
代表,高雄市
代表,政黨
代表,最新
代表,角逐
代表,年輕
吳敦義,韓粉
吳敦義,候選人
吳敦義,回應
吳敦義,院長
吳敦義,記者
吳敦義,會面
吳敦義,黨員
吳敦義,針對
吳敦義,黨
吳敦義,透過
吳敦義,黨中央
吳敦義,挺
吳敦義,投票
吳敦義,納入
吳敦義,全民
吳敦義,立法院
吳敦義,安排
吳敦義,協調
吳敦義,尊重
吳敦義,中常會
吳敦義,辯論
吳敦義,高雄市
吳敦義,聲明
吳敦義,議員
吳敦義,先前
吳敦義,提案
吳敦義,蔡正元
吳敦義,意見
韓粉,回應
韓粉,針對
韓粉,黨
韓粉,黨中央
韓粉,去年
韓粉,挺
韓粉,大選
韓粉,翻轉
韓粉,高雄市
韓粉,教授
指出,候選人
指出,選民
指出,影響
指出,大學
指出,會面
指出,黨
指出,參與
指出,股東
指出,團隊
指出,工廠
指出,教授
指出,決策
指出,聲明
指出,接班
候選人,院長
候選人,選民
候選人,影響
候選人,政策
候選人,會面
候選人,黨員
候選人,黨
候選人,透過
候選人,總統大選
候選人,黨中央
候選人,投票
候選人,納入
候選人,大選
候選人,全民
候選人,安排
候選人,團隊
候選人,中常會
候選人,辯論
候選人,高雄市
候選人,政黨
候選人,正式
候選人,角逐
候選人,主動
候選人,半導體
媽祖,黨
媽祖,託夢
回應,機會
回應,記者
回應,議題
回應,富士康
回應,兩岸
回應,採訪
回應,人民
回應,針對
回應,網友
回應,黨
回應,出席
回應,民眾
回應,參與
回應,黨中央
回應,網路
回應,質疑
回應,大陸
回應,引發
回應,計劃
回應,批評
回應,高雄市
回應,年輕
回應,提問
回應,攻擊
回應,新聞
回應,舉辦
股票,富士康
股票,股東
股票,財產
股票,全球
股票,加碼
股票,身家
院長,支持度
院長,大學
院長,會面
院長,藍營
院長,針對
院長,黨
院長,民眾
院長,總統大選
院長,制度
院長,黨中央
院長,引發
院長,批評
院長,大選
院長,立法院
院長,行政院
院長,尊重
院長,青年
院長,推動
院長,高雄市
院長,角逐
院長,內閣制
院長,行政院長
院長,意見
機會,影響
機會,雲林
機會,人選
機會,採訪
機會,產業
機會,黨
機會,工作
機會,地方
機會,制度
機會,參與
機會,黨中央
機會,質疑
機會,共識
機會,計劃
機會,威州
機會,納入
機會,全民
機會,創業
機會,協調
機會,挑戰
機會,發表
機會,世界
機會,高雄市
機會,競爭
機會,創造
機會,公布
機會,年輕
機會,貿易戰
機會,AI
機會,轉型
選民,議題
選民,大學
選民,政策
選民,兩岸
選民,人民
選民,藍營
選民,黨
選民,總統大選
選民,地方
選民,說法
選民,投票
選民,大選
選民,面對
選民,藍綠
選民,教授
選民,政黨
選民,關注
選民,年輕
員工,議題
員工,富士康
員工,採訪
員工,工作
員工,股東
員工,薪資
員工,創業
員工,工廠
員工,上市
員工,公布
員工,內部
員工,年輕
記者,會面
記者,採訪
記者,針對
記者,黨
記者,出席
記者,股東
記者,質疑
記者,議員
影響,雲林
影響,經營
影響,採訪
影響,產業
影響,黨
影響,股東
影響,利益
影響,計劃
影響,面對
影響,挑戰
影響,發表
影響,經驗
影響,決策
影響,價值
影響,角逐
影響,治理
影響,關注
影響,貿易戰
手機,經營
手機,產業
手機,黨
手機,去年
手機,印度
手機,納入
手機,全民
手機,協調
手機,發表
手機,中常會
手機,技術
手機,辯論
支持度,大學
支持度,人民
支持度,針對
支持度,黨
支持度,民眾
支持度,領先
支持度,大選
支持度,立法院
支持度,行政院
支持度,高雄市
支持度,最新
支持度,基層
透露,會面
透露,黨
透露,股東
透露,全球
透露,威州
透露,總裁
透露,討論
透露,麥
透露,推動
透露,高雄市
透露,曾馨瑩
透露,商港
雲林,大學
雲林,黨
雲林,地方
雲林,計劃
雲林,團隊
雲林,翻轉
雲林,麥
雲林,推動
雲林,教育
雲林,企業家
雲林,高雄市
雲林,適合
雲林,商港
雲林,議員
雲林,工業
雲林,年輕
雲林,加碼
雲林,當地
雲林,轉型
議題,政策
議題,富士康
議題,兩岸
議題,人選
議題,黨
議題,民眾
議題,地方
議題,競選
議題,納入
議題,大選
議題,發表
議題,辯論
議題,高雄市
議題,正式
議題,關注
議題,主動
議題,年輕
大學,台幣
大學,富士康
大學,採訪
大學,人民
大學,藍營
大學,黨
大學,引發
大學,全球
大學,大選
大學,總裁
大學,改變
大學,行政院
大學,青年
大學,教育
大學,首富
大學,教授
大學,戰略
大學,形象
大學,座談
大學,價值
大學,工業
大學,年輕
大學,新聞
台幣,富士康
台幣,採訪
台幣,人民
台幣,去年
台幣,全球
台幣,總裁
台幣,製造
台幣,2016
台幣,首富
台幣,格力電器
台幣,工業
台幣,人民幣
台幣,身家
台幣,產品
政策,兩岸
政策,人民
政策,產業
政策,黨
政策,民眾
政策,地方
政策,權力
政策,大陸
政策,財產
政策,投票
政策,政黨
政策,關注
政策,年輕
政策,財富
富士康,人選
富士康,採訪
富士康,產業
富士康,黨
富士康,地方
富士康,競選
富士康,財產
富士康,合作
富士康,總裁
富士康,製造
富士康,工廠
富士康,首富
富士康,曾馨瑩
富士康,年輕
兩岸,人民
兩岸,藍營
兩岸,黨
兩岸,地方
兩岸,說法
兩岸,大陸
兩岸,共識
兩岸,中共
兩岸,九二
兩岸,事業
兩岸,經驗
兩岸,戰略
兩岸,考量
兩岸,關注
兩岸,內部
經營,黨
經營,成功
經營,股東
經營,網路
經營,全球
經營,企業家
經營,經驗
經營,環保
經營,決策
經營,治理
經營,關注
經營,新聞
經營,管理
經營,目標
經營,產品
會面,白宮
會面,黨
會面,黨中央
會面,威州
會面,納入
會面,立法院
會面,安排
會面,討論
會面,高雄市
黨員,人選
黨員,黨
黨員,黨中央
黨員,投票
黨員,納入
黨員,全民
黨員,中常會
黨員,年輕
黨員,提案
人選,採訪
人選,黨
人選,競選
人選,總裁
人選,意願
人選,適合
白宮,黨
白宮,威州
白宮,聲明
採訪,針對
採訪,黨
採訪,民眾
採訪,地方
採訪,參與
採訪,股東
採訪,全球
採訪,總裁
採訪,創業
採訪,協調
採訪,翻轉
採訪,教育
採訪,2016
採訪,世界
採訪,高雄市
採訪,曾馨瑩
採訪,競爭
採訪,年輕
採訪,整合
採訪,產品
採訪,舉辦
人民,針對
人民,黨
人民,成功
人民,去年
人民,財產
人民,共識
人民,北京
人民,九二
人民,世界
人民,最新
人民,格力電器
人民,工業
人民,人民幣
人民,建議
產業,黨
產業,工作
產業,地方
產業,權力
產業,大陸
產業,全球
產業,計劃
產業,生產
產業,合作
產業,製造
產業,技術
產業,教育
產業,策略
產業,創造
產業,價值
產業,考量
產業,半導體
產業,台商
產業,角色
產業,產業鏈
產業,產品
產業,總經理
產業,轉型
藍營,黨
藍營,共識
藍營,大選
藍營,九二
藍營,行政院
藍營,藍綠
藍營,高雄市
藍營,策略
藍營,發大財
針對,黨
針對,出席
針對,總統大選
針對,黨中央
針對,網路
針對,大選
針對,立法院
針對,行政院
針對,發表
針對,高雄市
針對,聲明
針對,議員
網友,黨
網友,說法
網友,投票
網友,大選
網友,高雄市
網友,當飯吃
網友,澄清
網友,舉辦
黨,出席
黨,民眾
黨,成功
黨,透過
黨,總統大選
黨,工作
黨,地方
黨,制度
黨,競選
黨,權力
黨,參與
黨,領先
黨,黨中央
黨,去年
黨,立委
黨,股東
黨,挺
黨,網路
黨,說法
黨,質疑
黨,大陸
黨,市場
黨,財產
黨,引發
黨,全球
黨,共識
黨,利益
黨,投票
黨,計劃
黨,合作
黨,批評
黨,納入
黨,大選
黨,北京
黨,全民
黨,財經
黨,立法院
黨,面對
黨,中共
黨,改變
黨,九二
黨,支持者
黨,安排
黨,行政院
黨,協調
黨,挑戰
黨,尊重
黨,意願
黨,團隊
黨,翻轉
黨,藍綠
黨,討論
黨,發表
黨,中常會
黨,事業
黨,近期
黨,青年
黨,教育
黨,辯論
黨,2016
黨,世界
黨,企業家
黨,首富
黨,高雄市
黨,國旗
黨,教授
黨,曾馨瑩
黨,策略
黨,經驗
黨,適合
黨,競爭
黨,形象
黨,政黨
黨,座談
黨,霸氣
黨,正式
黨,馬英九
黨,最新
黨,價值
黨,選戰
黨,聲明
黨,議員
黨,公布
黨,考量
黨,角逐
黨,承諾
黨,態度
黨,關注
黨,內部
黨,主動
黨,半導體
黨,台商
黨,先前
黨,年輕
黨,行政院長
黨,提案
黨,提問
黨,蔡正元
黨,整合
黨,加碼
黨,攻擊
黨,建議
黨,託夢
黨,基層
黨,接地氣
黨,期待
黨,意見
黨,新聞
黨,澄清
黨,關鍵
黨,口號
黨,身家
黨,呼籲
黨,專訪
黨,發大財
黨,解決
黨,辦公室
黨,舉辦
出席,股東
出席,座談
出席,關注
民眾,總統大選
民眾,競選
民眾,挺
民眾,引發
民眾,批評
民眾,大選
民眾,立法院
民眾,高雄市
民眾,經驗
民眾,議員
民眾,年輕
民眾,接地氣
民眾,超過
成功,挑戰
成功,世界
成功,企業家
成功,形象
成功,新聞
成功,轉型
透過,參與
透過,質疑
透過,納入
透過,改變
透過,協調
透過,中常會
透過,教育
透過,提案
總統大選,制度
總統大選,大選
總統大選,立法院
總統大選,行政院
總統大選,發表
工作,引發
工作,計劃
工作,威州
工作,創造
工作,承諾
工作,目標
地方,質疑
地方,大陸
地方,全球
地方,製造
地方,技術
地方,高雄市
地方,競爭
地方,政黨
地方,正式
地方,貿易戰
地方,攻擊
地方,當地
制度,黨中央
制度,大選
制度,競爭
制度,接地氣
制度,關鍵
國防,市場
國防,共識
國防,九二
國防,技術
國防,競爭
國防,研發
競選,股東
競選,引發
競選,團隊
競選,近期
競選,適合
競選,年輕
權力,財產
權力,內閣制
權力,產業鏈
權力,財富
參與,北京
參與,教育
參與,高雄市
領先,最新
黨中央,挺
黨中央,納入
黨中央,大選
黨中央,全民
黨中央,安排
黨中央,協調
黨中央,討論
黨中央,發表
黨中央,中常會
黨中央,高雄市
黨中央,聲明
黨中央,議員
黨中央,年輕
黨中央,提案
黨中央,意見
去年,網路
去年,薪資
去年,大選
去年,2016
去年,世界
去年,上市
去年,工業
去年,人民幣
立委,議員
立委,蔡正元
股東,財產
股東,決策
股東,格力電器
股東,接班
股東,財富
挺,支持者
挺,世界
挺,議員
網路,投票
網路,支持者
網路,製造
網路,高雄市
網路,年輕
網路,模式
質疑,利益
質疑,投票
質疑,競爭
大陸,全球
大陸,利益
大陸,日本
大陸,中共
大陸,企業家
市場,全球
市場,日本
市場,生產
市場,印度
市場,製造
市場,技術
市場,環保
市場,競爭
市場,格力電器
市場,研發
市場,產品
財產,投票
財產,財富
薪資,改變
薪資,創業
薪資,翻轉
薪資,教育
薪資,數據
薪資,上市
薪資,公布
薪資,加薪
薪資,年輕
薪資,解決
引發,行政院
引發,高雄市
引發,關注
引發,專訪
全球,生產
全球,財經
全球,總裁
全球,製造
全球,技術
全球,事業
全球,首富
全球,高雄市
全球,經驗
全球,戰略
全球,價值
全球,工業
全球,模式
全球,身家
全球,產品
共識,納入
共識,北京
共識,中共
共識,九二
共識,策略
共識,戰略
利益,價值
利益,治理
利益,貿易戰
投票,全民
投票,高雄市
投票,當飯吃
投票,舉辦
計劃,印度
計劃,威州
計劃,麥
計劃,商港
計劃,貿易戰
日本,生產
日本,製造
日本,先前
生產,印度
生產,製造
生產,工廠
生產,技術
生產,戰略
生產,產品
印度,產品
合作,北京
合作,戰略
合作,半導體
批評,行政院
批評,近期
批評,教育
威州,討論
威州,創造
威州,聲明
威州,承諾
威州,先前
納入,全民
納入,協調
納入,意願
納入,發表
納入,中常會
納入,辯論
納入,主動
納入,提案
大選,立法院
大選,行政院
大選,發表
大選,高雄市
大選,聲明
北京,九二
北京,提問
全民,協調
全民,中常會
全民,辯論
全民,年輕
立法院,行政院
立法院,高雄市
面對,挑戰
面對,態度
中共,九二
改變,翻轉
改變,中常會
改變,數據
改變,年輕
創業,翻轉
創業,青年
創業,年輕
九二,策略
九二,戰略
支持者,年輕
安排,高雄市
行政院,推動
行政院,高雄市
行政院,內閣制
行政院,行政院長
協調,中常會
協調,政黨
協調,公布
協調,主動
挑戰,世界
挑戰,競爭
挑戰,馬英九
挑戰,貿易戰
尊重,意見
意願,高雄市
翻轉,教育
翻轉,高雄市
翻轉,發大財
討論,中常會
討論,辦公室
麥,推動
麥,商港
麥,工業
麥,加碼
麥,當地
發表,辯論
發表,高雄市
發表,適合
發表,聲明
發表,舉辦
製造,技術
製造,2016
製造,工業
製造,產品
中常會,正式
中常會,提案
技術,戰略
技術,競爭
技術,年輕
技術,研發
青年,教育
青年,座談
青年,年輕
推動,商港
推動,行政院長
推動,加碼
教育,加薪
教育,年輕
辯論,舉辦
2016,上市
2016,工業
世界,台商
世界,年輕
世界,習近平
世界,呼籲
企業家,座談
企業家,加碼
首富,曾馨瑩
首富,年輕
首富,身家
高雄市,競爭
高雄市,聲明
高雄市,議員
高雄市,承諾
高雄市,意見
高雄市,專訪
高雄市,舉辦
教授,形象
教授,新聞
曾馨瑩,年輕
經驗,戰略
經驗,優勢
戰略,關鍵
環保,研發
環保,產品
競爭,年輕
競爭,研發
形象,主動
形象,年輕
形象,基層
決策,治理
決策,財富
創造,年輕
創造,AI
馬英九,舉辦
商港,加碼
價值,內部
價值,當飯吃
數據,整合
數據,研發
議員,基層
上市,工業
加薪,年輕
加薪,解決
加薪,轉型
考量,貿易戰
承諾,產品
格力電器,人民幣
發現,比率
關注,內部
工業,人民幣
內閣制,行政院長
台商,解決
年輕,意見
年輕,AI
貿易戰,轉型
整合,AI
攻擊,新聞
